MODULE_MOD,DEV_ID,MODULE_SERIAL_NO
J3300-NM-M,Abu_10.10.0.1,fGHeGhWnnmeJLR
T6300-NM-S,Abu_10.10.0.2,ogkQ8P7mA63z5x
Q9300-NM-J,Acc_10.10.0.3,XZLE8JnnH4yQYo
F8300-NM-J,Adi_10.10.0.4,G9XLXDPdPc2Qam
S5300-NM-Y,Al _10.10.0.5,zyvPZ6g8JpZGjW
N3300-NM-D,Amm_10.10.0.6,iPNiSCtwbfuomp
H9300-NM-W,Áms_10.10.0.7,sLekuivuaEUmh9
G7300-NM-M,And_10.10.0.8,PmbfugZW5UvpWV
M5300-NM-B,Est_10.10.0.9,YhnM3N3sX5ZB6s
Q3300-NM-C,Ant_10.10.0.10,SKdaDqKjotBKUL
K9300-NM-N,Api_10.10.0.11,FBx4aPUSaERMQe
F2300-NM-H,Arg_10.10.0.12,72Jxk7DzZ8xwPv
X6300-NM-Y,Asj_10.10.0.13,VZskS4RVGznj9Q
K8300-NM-F,Asm_10.10.0.14,GEXVdpTLGvhZfL
Z3300-NM-U,Asu_10.10.0.15,evCZ3HLKGVKC97
Q3300-NM-V,Ate_10.10.0.16,4TaDZiu42u8LeA
F9300-NM-H,Bag_10.10.0.17,RRRNUjVfFcRC9K
G8300-NM-A,Bak_10.10.0.18,Tkk6FLYy2TaR4v
N6300-NM-A,Bam_10.10.0.19,9GhabJJWPbhE7b
G7300-NM-Q,Ban_10.10.0.20,aoJJ6L4qqDEXsD
J3300-NM-M,Ban_10.10.0.21,4FQDQURFfRktgu
T6300-NM-S,Ban_10.10.0.22,mkWvyGzUHvywEq
Q9300-NM-J,Ban_10.10.0.23,fsg8ercKh9HJfd
F8300-NM-J,Bas_10.10.0.24,tVq5sxAUZr8tcW
S5300-NM-Y,Bei_10.10.0.25,Y7vyQ9PFShHENM
N3300-NM-D,Bel_10.10.0.26,kcxCwkiVjC78JK
H9300-NM-W,Bel_10.10.0.27,iT2b8HfMkrQm3M
G7300-NM-M,Ber_10.10.0.28,uWKoo5uVHpxmMG
M5300-NM-B,Ber_10.10.0.29,TrPg8w2GFTkr3h
Q3300-NM-C,Bis_10.10.0.30,UCo2PXaEMTaozj
K9300-NM-N,Bis_10.10.0.31,H9wSGU2yQrBsek
F2300-NM-H,Ciu_10.10.0.32,CmGXmdWRkABbHd
X6300-NM-Y,Bog_10.10.0.33,qMQkS2r7PCxH3s
K8300-NM-F,Bra_10.10.0.34,FVQAZMQDyziD9f
Z3300-NM-U,Bra_10.10.0.35,v4PFvdCtfCUPrC
Q3300-NM-V,Bra_10.10.0.36,fmDoeU4xWt9vXv
F9300-NM-H,Bri_10.10.0.37,u238d23sAQE32d
G8300-NM-A,Bru_10.10.0.38,qcq4YequmYzNjo
N6300-NM-A,Buc_10.10.0.39,x2ywL9icsNLvMp
G7300-NM-Q,Bud_10.10.0.40,qGt7aPmPF8LukW
J3300-NM-M,Bue_10.10.0.41,koQusjJyKM6Hit
T6300-NM-S,Cam_10.10.0.42,2m3XWNd4MKp2Xb
Q9300-NM-J,Car_10.10.0.43,Vc7a7xDef2tkZp
F8300-NM-J,Cas_10.10.0.44,2KEXEur6U9nqkZ
S5300-NM-Y,Che_10.10.0.45,kHXKcPapWaQiTR
N3300-NM-D,Ciu_10.10.0.46,poRdDvJKTjYUsg
H9300-NM-W,Ciu_10.10.0.47,Fz8g5ZX2Ft5gX5
G7300-NM-M,Ciu_10.10.0.48,KiuiAqoRZq7L35
M5300-NM-B,Ciu_10.10.0.49,FeqBZ8jkaNgU7d
Q3300-NM-C,Con_10.10.0.50,hXJEqpZbCMXedC
K9300-NM-N,Cop_10.10.0.51,ThRF4s8vSSjsPi
F2300-NM-H,Dak_10.10.0.52,2D55wxajK7WMSj
X6300-NM-Y,Dam_10.10.0.53,3MkXkMBLBCbZZW
K8300-NM-F,Dha_10.10.0.54,noKRYCXPwKe4sE
Z3300-NM-U,Dil_10.10.0.55,rHu4VN9i6GSm5q
Q3300-NM-V,Dod_10.10.0.56,SKMq2hN8vHr5ts
F9300-NM-H,Doh_10.10.0.57,tRyV5jfAJ3maPj
G8300-NM-A,Dub_10.10.0.58,5p2C5QcSAwsUPS
N6300-NM-A,Dus_10.10.0.59,k4cAC5p3U462tZ
G7300-NM-Q,El _10.10.0.60,jFBpJd6QpTtmLP
J3300-NM-M,Est_10.10.0.61,jEo2dYv5vuM2Er
T6300-NM-S,Fre_10.10.0.62,VYMdDpKPmeUULk
Q9300-NM-J,Fun_10.10.0.63,YUR7xedFR8gi9i
F8300-NM-J,Gab_10.10.0.64,GpNRKnDY4Kurc2
S5300-NM-Y,Geo_10.10.0.65,7Vod7XZhm7rL5k
N3300-NM-D,Buy_10.10.0.66,tscX4UGnTJMHVK
H9300-NM-W,Han_10.10.0.67,mHUaYHkUiDKFN5
G7300-NM-M,Har_10.10.0.68,fZYPZgkAzQti4n
M5300-NM-B,Hel_10.10.0.69,hmvodZWWKsANVS
Q3300-NM-C,Hon_10.10.0.70,zzTo38vs8SGfKE
K9300-NM-N,Isl_10.10.0.71,YEjEnXKTpMN4SW
F2300-NM-H,Jar_10.10.0.72,FepCwBs6QMpfeh
X6300-NM-Y,Jer_10.10.0.73,bTiPTAN6si6gGA
K8300-NM-F,Kat_10.10.0.74,FBiAHDxYxjoA6X
Z3300-NM-U,Kie_10.10.0.75,H6mdRjnNnKyeJA
Q3300-NM-V,Kig_10.10.0.76,y6gaQLrhCMeWKU
F9300-NM-H,Kin_10.10.0.77,x9DZx2N8GkqsxE
G8300-NM-A,Kin_10.10.0.78,JVDkyAmBths4BX
N6300-NM-A,Kin_10.10.0.79,DSfhjU4bkpcVd6
G7300-NM-Q,Kua_10.10.0.80,PiRu9mTUY4K9oC
J3300-NM-M,La _10.10.0.81,fy5P2jSvbvEsQR
T6300-NM-S,La _10.10.0.82,gJFGc8zekat5Vx
Q9300-NM-J,Lib_10.10.0.83,gWE34rpsfMpbsd
F8300-NM-J,Lil_10.10.0.84,PVMWDaBHUxWvzi
S5300-NM-Y,Lim_10.10.0.85,3QxwSzoQKS3PYm
N3300-NM-D,Lis_10.10.0.86,GcRqvrAQEW2U6Z
H9300-NM-W,Liu_10.10.0.87,CdcuwQMk3DJNZk
G7300-NM-M,Lom_10.10.0.88,DzTAxVXbAdUmyj
M5300-NM-B,Lon_10.10.0.89,STXMaMgZuhVWxZ
Q3300-NM-C,Lua_10.10.0.90,GQ9H4kZkgevqyv
K9300-NM-N,Lus_10.10.0.91,WMSEzZxNjymRbQ
F2300-NM-H,Lux_10.10.0.92,sTJcTtTNhGvSCB
X6300-NM-Y,Mad_10.10.0.93,6XkUwtLQRgmqDP
K8300-NM-F,Maj_10.10.0.94,YBcg4qPGdAMae5
Z3300-NM-U,Mal_10.10.0.95,8ZXWLtasBi2Cbe
Q3300-NM-V,Mal_10.10.0.96,98XhDiKqH9LwN7
F9300-NM-H,Man_10.10.0.97,LPMp2wi3XYgWaU
G8300-NM-A,Man_10.10.0.98,DJVzsPLyn5m6fP
N6300-NM-A,Man_10.10.0.99,XZ5HgjwfsU9D56
G7300-NM-Q,Map_10.10.0.100,EjL3BHFkeUA9xK
J3300-NM-M,Mas_10.10.0.101,nyZZdoHxASTZyf
T6300-NM-S,Mas_10.10.0.102,TSgpTByVTdrChT
Q9300-NM-J,Mba_10.10.0.103,giBgA36gqc4gcV
F8300-NM-J,Min_10.10.0.104,93bRj3dViiZecz
S5300-NM-Y,Mog_10.10.0.105,f4nJiuVB7MVVbE
N3300-NM-D,Món_10.10.0.106,5jrLhCJxggh9bE
H9300-NM-W,Mon_10.10.0.107,EFTCnj6gMqyNBJ
G7300-NM-M,Mor_10.10.0.108,Xn3fjUammRyYua
M5300-NM-B,Mos_10.10.0.109,kk28bYu67g9PSt
Q3300-NM-C,Nai_10.10.0.110,3DwASqkS5uKcDV
K9300-NM-N,Nai_10.10.0.111,LP87fnh6rtDZEP
F2300-NM-H,Nas_10.10.0.112,5n5hNRg9jztf2C
X6300-NM-Y,Nge_10.10.0.113,Q2MartzNMTwaXo
K8300-NM-F,Nia_10.10.0.114,2TjtDeogZ9HVpQ
Z3300-NM-U,Nic_10.10.0.115,wvusBWqai3J6rS
Q3300-NM-V,Nou_10.10.0.116,Pe2Uh8q6Zypeii
F9300-NM-H,Nue_10.10.0.117,mSfcS4AfSHnGJw
G8300-NM-A,Nuk_10.10.0.118,CVgDtThxpd2F5z
N6300-NM-A,Osl_10.10.0.119,zbiMyCxKBPg6hp
G7300-NM-Q,Ott_10.10.0.120,YyjL4JvgKafpQ3
J3300-NM-M,Oua_10.10.0.121,EKFR9HkkYQt5hd
T6300-NM-S,Pal_10.10.0.122,NaUC3xLQ8DHJsN
Q9300-NM-J,Pan_10.10.0.123,YYnyRtRRJFrsgG
F8300-NM-J,Par_10.10.0.124,zYtWP2qTSGLMVr
S5300-NM-Y,Par_10.10.0.125,2z6S5eFR4p8dTi
N3300-NM-D,Pek_10.10.0.126,xxx4kUjkbhw5pz
H9300-NM-W,Phn_10.10.0.127,baSjc6kiD5Andz
G7300-NM-M,Pio_10.10.0.128,onrFjmEW94Mepf
M5300-NM-B,Por_10.10.0.129,Ziho2oKLwXtgXk
Q3300-NM-C,Por_10.10.0.130,57UZadczGtnXUx
K9300-NM-N,Por_10.10.0.131,KT3hC4k4N62mmS
F2300-NM-H,Pra_10.10.0.132,GgcwqLKX8iNyc8
X6300-NM-Y,Pra_10.10.0.133,D3fKdiCp2UQnG4
K8300-NM-F,Pue_10.10.0.134,HoNtP497j7hFSo
Z3300-NM-U,Pue_10.10.0.135,d4rkUDCbQSXjuA
Q3300-NM-V,Pue_10.10.0.136,AbSkHFJqyB78gD
F9300-NM-H,Qui_10.10.0.137,sVuvEPrhWDvwwH
G8300-NM-A,Rab_10.10.0.138,mTJRhdSEfRF5dT
N6300-NM-A,Rei_10.10.0.139,xDokbRLc4Tc2t9
G7300-NM-Q,Ria_10.10.0.140,GqHeGUrfSBCGTw
J3300-NM-M,Rig_10.10.0.141,PGRw26ZeYNNsvX
T6300-NM-S,Rom_10.10.0.142,wguK8VoaQXE6rq
Q9300-NM-J,Ros_10.10.0.143,92YRzZnBomWTQm
F8300-NM-J,Sai_10.10.0.144,kvRZqrTmnSdjVK
S5300-NM-Y,Sai_10.10.0.145,bFkWkoAZ855RFD
N3300-NM-D,San_10.10.0.146,ipQrrgSMh3VH8w
H9300-NM-W,San_10.10.0.147,KGRNxTNKhMnqzr
G7300-NM-M,San_10.10.0.148,q3HKYkSBNLnxQi
M5300-NM-B,San_10.10.0.149,kazxDn46GRwcNz
Q3300-NM-C,San_10.10.0.150,59TWKbnxPdL6rP
K9300-NM-N,San_10.10.0.151,Vc6indMUN2cMaM
F2300-NM-H,San_10.10.0.152,UzVnLYsNTjw6y9
X6300-NM-Y,Sar_10.10.0.153,qZEsEddcp85SHz
K8300-NM-F,Seú_10.10.0.154,YBQEbFNi4dwvL6
Z3300-NM-U,Sin_10.10.0.155,agGDXndPcVPAKA
Q3300-NM-V,Sko_10.10.0.156,Xv4r2c6obQPNwy
F9300-NM-H,Sof_10.10.0.157,MBGZHuKSxdBfeB
G8300-NM-A,Suc_10.10.0.158,czdzFhBjfKrUxG
N6300-NM-A,Suv_10.10.0.159,abfAeqGReDXYQg
G7300-NM-Q,Tal_10.10.0.160,eG5WfCB9HvRgM9
J3300-NM-M,Tar_10.10.0.161,V72yVYZuZbUSfT
T6300-NM-S,Tas_10.10.0.162,LZDpp7ymmPLxtY
Q9300-NM-J,Teg_10.10.0.163,4dMDkobEFRVCT2
F8300-NM-J,Teh_10.10.0.164,7hjmw4uuRoYe6u
S5300-NM-Y,Tif_10.10.0.165,UWicgqXncHELhu
N3300-NM-D,Tim_10.10.0.166,NLH8vHDFn3mWAb
H9300-NM-W,Tir_10.10.0.167,6jjEdioKADstEb
G7300-NM-M,Tok_10.10.0.168,UB6pAHh2Sz5qCo
M5300-NM-B,Trí_10.10.0.169,sj8CmKck6aF9pT
Q3300-NM-C,Tún_10.10.0.170,F4sg3XREhRZc3a
K9300-NM-N,Ula_10.10.0.171,8KC6sXMhhUU5r4
F2300-NM-H,Vad_10.10.0.172,9WofBKeQpkJbmY
X6300-NM-Y,Var_10.10.0.173,CJ2KSFJNPJtUyW
K8300-NM-F,Vic_10.10.0.174,2LAM5G9U4dJKhc
Z3300-NM-U,Vie_10.10.0.175,ksDZr92sqriJUo
Q3300-NM-V,Vie_10.10.0.176,A7aXx7BQPA9QPT
F9300-NM-H,Vil_10.10.0.177,GNMYVtgvDc2ysf
G8300-NM-A,Was_10.10.0.178,ZKUABPwQryLN29
N6300-NM-A,Wel_10.10.0.179,yuMce6xHH7eoqx
G7300-NM-Q,Win_10.10.0.180,NyNbG7wTUjzqMB
J3300-NM-M,Yak_10.10.0.181,9nJ4dA2gAPGn7b
T6300-NM-S,Yam_10.10.0.182,8tuBHqD3y96hXA
Q9300-NM-J,Yam_10.10.0.183,X7dJmJhKNAFFDo
F8300-NM-J,Yar_10.10.0.184,LwvEyorp3sj5Kp
S5300-NM-Y,Yau_10.10.0.185,YC6f4ZaVp4WYi8
N3300-NM-D,Yer_10.10.0.186,yuKZEpViyGEMF9
H9300-NM-W,Yib_10.10.0.187,j3A34k8FFFQwVy
G7300-NM-M,Yub_10.10.0.188,ohYHMBd9QyBVbi
M5300-NM-B,Zag_10.10.0.189,uiiHg5DTnSD9jX
Q3300-NM-C,Abu_10.10.0.3,SZwUU625CYEvdu
K9300-NM-N,Abu_10.10.0.4,4YDhquiMFXamWD
F2300-NM-H,Acc_10.10.0.4,JQjZ6LvUFzrKbe
X6300-NM-Y,Adi_10.10.0.5,7KKmxUg92aXNsT
K8300-NM-F,Al _10.10.0.6,pnvLQJQ373KikH
Z3300-NM-U,Amm_10.10.0.7,HMmnWnuGgLVG7u
Q3300-NM-V,Áms_10.10.0.8,27aziN6qHyUsif
F9300-NM-H,And_10.10.0.9,zN3mJ2pCSJ2Ade
G8300-NM-A,Est_10.10.0.10,dQTSpYCPb78FxB
N6300-NM-A,Ant_10.10.0.11,jesy2Vn6hToER7
G7300-NM-Q,Api_10.10.0.12,fHvUJuohQcbDgT
J3300-NM-M,Arg_10.10.0.13,Xg2m7H5X8ATw8T
T6300-NM-S,Asj_10.10.0.14,cMX8bipJ7yhgnq
Q9300-NM-J,Asm_10.10.0.15,DqkQ7dnHYRGrcd
F8300-NM-J,Asu_10.10.0.16,fRVnSt97GypvTd
S5300-NM-Y,Ate_10.10.0.17,8hjE43QLgR34kF
N3300-NM-D,Bag_10.10.0.18,rPabqci5CXt6qG
H9300-NM-W,Bak_10.10.0.19,SzWsPQNbihzAgb
G7300-NM-M,Bam_10.10.0.20,XB633YKsFe9tig
M5300-NM-B,Ban_10.10.0.24,bqvRFW7PFsRTRd
Q3300-NM-C,Ban_10.10.0.25,5EPd5CmYZwNAYD
K9300-NM-N,Ban_10.10.0.26,3kJFF74Jy6ritE
F2300-NM-H,Ban_10.10.0.27,3exQosNeFY9XcD
X6300-NM-Y,Bas_10.10.0.25,etnb8sRhPdVYVx
K8300-NM-F,Bei_10.10.0.26,cXHUjmhpHN3G4r
Z3300-NM-U,Bel_10.10.0.28,4xdx82y3rid6dm
Q3300-NM-V,Bel_10.10.0.29,KPjcmeLzCqD9Er
F9300-NM-H,Ber_10.10.0.30,EadvE9tQqbVarR
G8300-NM-A,Ber_10.10.0.31,RK7UkStUwYVh2K
N6300-NM-A,Bis_10.10.0.32,Ue4zgafpimu8Ju
G7300-NM-Q,Bis_10.10.0.33,83woQKic5k6YRt
J3300-NM-M,Ciu_10.10.0.33,44XdVS46Qnwrxt
T6300-NM-S,Bog_10.10.0.34,F3m8KQwFVnAmE5
Q9300-NM-J,Bra_10.10.0.37,HWjoRrLXoKdW27
F8300-NM-J,Bra_10.10.0.38,HTcc254Ry7CdVD
S5300-NM-Y,Bra_10.10.0.39,MtjBPASfcFWrAj
N3300-NM-D,Bri_10.10.0.38,ZKTU6bcH9iGgRP
H9300-NM-W,Bru_10.10.0.39,T3e8HEyGEnrDea
G7300-NM-M,Buc_10.10.0.40,m9R3YY8YwWxyVb
M5300-NM-B,Bud_10.10.0.41,CYoXriQEhtCFmb
Q3300-NM-C,Bue_10.10.0.42,f7Te7bHG45TtFx
K9300-NM-N,Cam_10.10.0.43,hmxRKN25w7zJjK
F2300-NM-H,Car_10.10.0.44,xBz7itXUJ2CBFY
X6300-NM-Y,Cas_10.10.0.45,PiL4vFMr9vmmgc
K8300-NM-F,Che_10.10.0.46,x9PQGSXsWBP4NK
Z3300-NM-U,Ciu_10.10.0.50,3GuswJy4Xoh8z9
Q3300-NM-V,Ciu_10.10.0.51,ixhrBsqRpQakYW
F9300-NM-H,Ciu_10.10.0.52,EyUtJJKeXYeqrV
G8300-NM-A,Ciu_10.10.0.53,KKExZqXae5wRrb
N6300-NM-A,Con_10.10.0.51,MGCHHjUGAyoWm6
G7300-NM-Q,Cop_10.10.0.52,LDPNDXYLPDaqhs
J3300-NM-M,Dak_10.10.0.53,kAaYeKR54T8hXE
T6300-NM-S,Dam_10.10.0.54,nnVNVrvXQ96cjT
Q9300-NM-J,Dha_10.10.0.55,e3yvZUVk5qiUDC
F8300-NM-J,Dil_10.10.0.56,xdWKqDihSnZB3H
S5300-NM-Y,Dod_10.10.0.57,C97pvEKGCnvdox
N3300-NM-D,Doh_10.10.0.58,iyPnn7Ve2aKtui
H9300-NM-W,Dub_10.10.0.59,ALdVqziBLxwEfs
G7300-NM-M,Dus_10.10.0.60,yHy4kZfz7YVWZ5
M5300-NM-B,El _10.10.0.61,33PmEtCXc8dGww
Q3300-NM-C,Est_10.10.0.62,VTL7PFoTFrUPaD
K9300-NM-N,Fre_10.10.0.63,8qdf8yfqdY6NpL
F2300-NM-H,Fun_10.10.0.64,yk2EAWPocrnWhK
X6300-NM-Y,Gab_10.10.0.65,4ii6pwHsEaCyoN
K8300-NM-F,Geo_10.10.0.66,sKWRbpJrudCumL
Z3300-NM-U,Buy_10.10.0.67,VPB6VTJFRtDwFA
Q3300-NM-V,Han_10.10.0.68,3dsWP94DL2QGYF
F9300-NM-H,Har_10.10.0.69,rw2TUh4Aj4hsKk
G8300-NM-A,Hel_10.10.0.70,GztSardphbSoCv
N6300-NM-A,Hon_10.10.0.71,MeEcCm56PUNihC
G7300-NM-Q,Isl_10.10.0.72,tnceF6FxCtbjed
J3300-NM-M,Jar_10.10.0.73,4m98EA3z37Gu8t
T6300-NM-S,Jer_10.10.0.74,ZQAVfpRGaAn9ML
Q9300-NM-J,Kat_10.10.0.75,j2rMcJ67x3dWUZ
F8300-NM-J,Kie_10.10.0.76,fqSaDJgxTbLB8v
S5300-NM-Y,Kig_10.10.0.77,ZsnrncQDBP3gRP
N3300-NM-D,Kin_10.10.0.80,GVUtvNKXXZWWzR
H9300-NM-W,Kin_10.10.0.81,3HxAm6JKVxR6AZ
G7300-NM-M,Kin_10.10.0.82,sZjhdC287LjJvm
M5300-NM-B,Kua_10.10.0.81,VgXGQcZ5wPp2bb
Q3300-NM-C,La _10.10.0.83,caMXnRw5YED7Ci
K9300-NM-N,La _10.10.0.84,oZjyw6pe36xxcm
F2300-NM-H,Lib_10.10.0.84,bGjHehhEUkuwns
X6300-NM-Y,Lil_10.10.0.85,62D3WznqATwBUa
K8300-NM-F,Lim_10.10.0.86,6tmbYCAWpnJjf3
Z3300-NM-U,Lis_10.10.0.87,pVvFcghv55nf3L
Q3300-NM-V,Liu_10.10.0.88,4veMqKvadBQZEd
F9300-NM-H,Lom_10.10.0.89,58gHBRmqfVSkXA
G8300-NM-A,Lon_10.10.0.90,VUdUqCR5vPCyTw
N6300-NM-A,Lua_10.10.0.91,fFzrL3dUJfFdKn
G7300-NM-Q,Lus_10.10.0.92,wgJUuH2bAxuk82
J3300-NM-M,Lux_10.10.0.93,f3nAw9LrdTtjef
T6300-NM-S,Mad_10.10.0.94,BiM5Q8czHFNrDC
Q9300-NM-J,Maj_10.10.0.95,YBNpaL4xbateA6
F8300-NM-J,Mal_10.10.0.97,8T93bUrU2zzSFD
S5300-NM-Y,Mal_10.10.0.98,jZ9bcd6X3VcTaf
N3300-NM-D,Man_10.10.0.100,YQbre9bRqRunJe
H9300-NM-W,Man_10.10.0.101,eK9pyFPoQcRRzt
G7300-NM-M,Man_10.10.0.102,KMyGBDDKUzWgWU
M5300-NM-B,Map_10.10.0.101,5iJdk6QrbG8TfA
Q3300-NM-C,Mas_10.10.0.103,P7D9oeX6sF5Jt8
K9300-NM-N,Mas_10.10.0.104,mA3JCycdJUn4hz
F2300-NM-H,Mba_10.10.0.104,Kx46Cf7EMMySbo
X6300-NM-Y,Min_10.10.0.105,DGXJiKRBhbewbT
K8300-NM-F,Mog_10.10.0.106,7T9kSdmatENZNr
Z3300-NM-U,Món_10.10.0.108,9f5CbYfhm65rZQ
Q3300-NM-V,Món_10.10.0.109,AHh3igPuQbgqeW
F9300-NM-H,Mor_10.10.0.109,AXDKURCH5zKtug
G8300-NM-A,Mos_10.10.0.110,THZw3c9cCgtKqL
N6300-NM-A,Nai_10.10.0.112,ws8sbqYzTS9xNU
G7300-NM-Q,Nai_10.10.0.113,FvVGf7bFrwYR52
J3300-NM-M,Nas_10.10.0.113,qwpGZRCTebDKAv
T6300-NM-S,Nge_10.10.0.114,b8PuuifVi45yBz
Q9300-NM-J,Nia_10.10.0.115,DR3etcPHzYx6HK
F8300-NM-J,Nic_10.10.0.116,kCEH99v65nPUcQ
S5300-NM-Y,Nou_10.10.0.117,5jyhnH7JMY5XxP
N3300-NM-D,Nue_10.10.0.118,AhWuvKKEVvkaNC
H9300-NM-W,Nuk_10.10.0.119,woZTLarNd5XXiA
G7300-NM-M,Osl_10.10.0.120,FvcH5qh2gL2545
M5300-NM-B,Ott_10.10.0.121,xm2ZUjFuhVQtiS
Q3300-NM-C,Oua_10.10.0.122,zvTk3MBsWkabPQ
K9300-NM-N,Pal_10.10.0.123,wuCwVQSBJGtYUA
F2300-NM-H,Pan_10.10.0.124,kJTmWVhsvyTYwV
X6300-NM-Y,Par_10.10.0.126,Pm3aB6G2QySdjN
K8300-NM-F,Par_10.10.0.127,kuMBivNShmKkmh
Z3300-NM-U,Pek_10.10.0.127,wsfs6nNfK6oGHn
Q3300-NM-V,Phn_10.10.0.128,QKd3iuTNgHTdbB
F9300-NM-H,Pio_10.10.0.129,VsLNfEf6RJzMzH
G8300-NM-A,Por_10.10.0.132,VEtNhqmHosSEKd
N6300-NM-A,Por_10.10.0.133,EMGe8iVH5FygYx
G7300-NM-Q,Por_10.10.0.134,WMb7fgSRzMoGDN
J3300-NM-M,Pra_10.10.0.134,T3PB8dTvmvT3XY
T6300-NM-S,Pra_10.10.0.135,weZiPGUAv3JKZa
Q9300-NM-J,Pue_10.10.0.137,LYrcxZN7mgJ5E4
F8300-NM-J,Pue_10.10.0.138,wmMKJZR5zghgp3
S5300-NM-Y,Pue_10.10.0.139,Ag4AhqZFZW79VY
N3300-NM-D,Qui_10.10.0.138,HN9eF2PxsjhNMZ
H9300-NM-W,Rab_10.10.0.139,r5mRsL6Z9QogVP
G7300-NM-M,Rei_10.10.0.140,AN5APBJdCnocSL
M5300-NM-B,Ria_10.10.0.141,5r22M63GA477Ud
Q3300-NM-C,Rig_10.10.0.142,FvnxiiYn5qvTjo
K9300-NM-N,Rom_10.10.0.143,X4twRbuLLAQJKX
F2300-NM-H,Ros_10.10.0.144,iNdua6GtSrAypR
X6300-NM-Y,Sai_10.10.0.146,JpohtzujsLiWxJ
K8300-NM-F,Sai_10.10.0.147,PjdVXbWUMTxqoU
Z3300-NM-U,San_10.10.0.153,m2bHjCLqU2mbmZ
Q3300-NM-V,San_10.10.0.154,gSifuur2godRrE
F9300-NM-H,San_10.10.0.155,un5ygN24LmyTZT
G8300-NM-A,San_10.10.0.156,rxcTnB5ArH7KrR
N6300-NM-A,San_10.10.0.157,y2BR6tz4n2gApM
G7300-NM-Q,San_10.10.0.158,r6q9438ooS4t4X
J3300-NM-M,San_10.10.0.159,sse3LGVFyAbkE5
T6300-NM-S,Sar_10.10.0.154,ArBBLqh8358yhM
Q9300-NM-J,Seú_10.10.0.155,68BmfoCyWiM7hA
F8300-NM-J,Sin_10.10.0.156,PPcXg4us39TXiW
S5300-NM-Y,Sko_10.10.0.157,G9yk7KzLB2dBUB
N3300-NM-D,Sof_10.10.0.158,zyBC4CKorYcStf
H9300-NM-W,Suc_10.10.0.159,KPaP8spULgriN4
G7300-NM-M,Suv_10.10.0.160,xWRMSLNpKezrTU
M5300-NM-B,Tal_10.10.0.161,LTv26Ap6gtFMTm
Q3300-NM-C,Tar_10.10.0.162,d3iXJFgKUQTQg7
K9300-NM-N,Tas_10.10.0.163,N9BGjo2RSpdtEL
F2300-NM-H,Teg_10.10.0.164,btdMfXg4yjpFrd
X6300-NM-Y,Teh_10.10.0.165,8jJTgmkFszjv7Y
K8300-NM-F,Tif_10.10.0.166,KHxudLcNXVNyJ9
Z3300-NM-U,Tim_10.10.0.167,PAgrCRjjPMeaG9
Q3300-NM-V,Tir_10.10.0.168,FboAbKQgDgjsvb
F9300-NM-H,Tok_10.10.0.169,CY6AE6sry2Yicy
G8300-NM-A,Trí_10.10.0.170,V6myxxSd6DMtoN
N6300-NM-A,Tún_10.10.0.171,7F4Yry5psZEm73
G7300-NM-Q,Ula_10.10.0.172,ZNFwaM2hvrK2At
J3300-NM-M,Vad_10.10.0.173,TnqXYMraEJjkH2
T6300-NM-S,Var_10.10.0.174,qbnCY2N57eNu3J
Q9300-NM-J,Vic_10.10.0.175,CMDqEDVaTQ6HtU
F8300-NM-J,Vie_10.10.0.177,zEX9XhNhD8RjGV
S5300-NM-Y,Vie_10.10.0.178,X5DXbnpMhgkgHr
N3300-NM-D,Vil_10.10.0.178,nk9zgYJxf4s9gH
H9300-NM-W,Was_10.10.0.179,zBmVcFV28VKbAH
G7300-NM-M,Wel_10.10.0.180,YJiQCVHowHDCBu
M5300-NM-B,Win_10.10.0.181,AvYWScRTNqZtFm
Q3300-NM-C,Yak_10.10.0.182,uEZuhzzs6hFCAr
K9300-NM-N,Yam_10.10.0.184,7qvVteyiyDawyW
F2300-NM-H,Yam_10.10.0.185,QnjRsShL2yQMyh
X6300-NM-Y,Yar_10.10.0.185,cbqQp6Mp7UXPPA
K8300-NM-F,Yau_10.10.0.186,yLeh6gYAK6DbBT
Z3300-NM-U,Yer_10.10.0.187,g8C4wMTa3NR4fh
Q3300-NM-V,Yib_10.10.0.188,iFJhfkANDiDsJe
F9300-NM-H,Yub_10.10.0.189,JRimVm93GEv42J
G8300-NM-A,Zag_10.10.0.190,UJJh3HBHgNvLrE
N6300-NM-A,Abu_10.10.0.5,j3evkxGsjXpBxC
G7300-NM-Q,Abu_10.10.0.6,6NUTHuAz4xVL2U
J3300-NM-M,Acc_10.10.0.5,nfE63ErEemJQAK
T6300-NM-S,Adi_10.10.0.6,Re5yQvM2WZoQ9d
Q9300-NM-J,Al _10.10.0.7,y5ByQcYRWEmBL7
F8300-NM-J,Amm_10.10.0.8,UnDDyxp7jXieNd
S5300-NM-Y,Áms_10.10.0.9,2bZzhn2gQyJAin
N3300-NM-D,And_10.10.0.10,2bEJrQwQu79iwA
H9300-NM-W,Est_10.10.0.11,9VtFM2rexWQN7M
G7300-NM-M,Ant_10.10.0.12,CbSCMUMqTJam3t
M5300-NM-B,Api_10.10.0.13,UCM6R8FmkT2EPG
Q3300-NM-C,Arg_10.10.0.14,RfNoQYuV9eVPnG
K9300-NM-N,Asj_10.10.0.15,nChJ3aTiqnoRb7
F2300-NM-H,Asm_10.10.0.16,TXt6cSjCPBpdjG
X6300-NM-Y,Asu_10.10.0.17,GKwfiTLQNnFNxR
K8300-NM-F,Ate_10.10.0.18,wEukvJoyR38yWS
Z3300-NM-U,Bag_10.10.0.19,w86akpHvCLnQKv
Q3300-NM-V,Bak_10.10.0.20,6UsJK9oJ2n3agW
F9300-NM-H,Bam_10.10.0.21,NZ4FNgq5Fn9k8m
G8300-NM-A,Ban_10.10.0.28,PTGtwHYiwba4za
N6300-NM-A,Ban_10.10.0.29,CZJ4Ns42j2eiSk
G7300-NM-Q,Ban_10.10.0.30,zrtxvcBfNMFttx
J3300-NM-M,Ban_10.10.0.31,mYUBxBZwmBxWe2
T6300-NM-S,Bas_10.10.0.26,kY8jyeyCSpkwGH
Q9300-NM-J,Bei_10.10.0.27,HFpYKSx3HuTAaZ
F8300-NM-J,Bel_10.10.0.30,cWpuDcTn3zsjkt
S5300-NM-Y,Bel_10.10.0.31,zPKgt2XBysbhfi
N3300-NM-D,Ber_10.10.0.32,KJGEGKaFaJLuAE
H9300-NM-W,Ber_10.10.0.33,CBLH8AGBh8fcEp
G7300-NM-M,Bis_10.10.0.34,cTo7dF3vY2g9YX
M5300-NM-B,Bis_10.10.0.35,KLHTXuyLnHiUcD
Q3300-NM-C,Ciu_10.10.0.34,n2cNG9CJb9bsRq
K9300-NM-N,Bog_10.10.0.35,bKypbngZ5N6KWM
F2300-NM-H,Bra_10.10.0.40,6ZkEXbNLZGMp3G
X6300-NM-Y,Bra_10.10.0.41,rKN56BUHpFvz8S
K8300-NM-F,Bra_10.10.0.42,76qFcxkr6E7wnx
Z3300-NM-U,Bri_10.10.0.39,ki38QWHhMXUepS
Q3300-NM-V,Bru_10.10.0.40,xZpJnqkbFhhwEg
F9300-NM-H,Buc_10.10.0.41,ijpmT8K8mouLiZ
G8300-NM-A,Bud_10.10.0.42,JmbnrNzthRC484
N6300-NM-A,Bue_10.10.0.43,xcNEz2hSeJbxHV
G7300-NM-Q,Cam_10.10.0.44,knQpV2fyfRYXRX
J3300-NM-M,Car_10.10.0.45,d9RVDbJa4CgFSr
T6300-NM-S,Cas_10.10.0.46,xebjVYzzHykAdP
Q9300-NM-J,Che_10.10.0.47,eh48ndZUmDPEXu
F8300-NM-J,Ciu_10.10.0.54,gHM5xM8EUQwMfj
S5300-NM-Y,Ciu_10.10.0.55,Mb7C7twq68SUdo
N3300-NM-D,Ciu_10.10.0.56,nhVqWehTnAc48m
H9300-NM-W,Ciu_10.10.0.57,F4PEwQE4CEiZKk
G7300-NM-M,Con_10.10.0.52,Nxmue4X5eVXr62
M5300-NM-B,Cop_10.10.0.53,exV45WbQCxtmTm
Q3300-NM-C,Dak_10.10.0.54,3tCTcKvs9P8ZhL
K9300-NM-N,Dam_10.10.0.55,YwdPKQTz6faLdN
F2300-NM-H,Dha_10.10.0.56,tAwUs8p3ApCoip
X6300-NM-Y,Dil_10.10.0.57,YXL9nvtNeutFob
K8300-NM-F,Dod_10.10.0.58,VEE6fHfPKG6xdt
Z3300-NM-U,Doh_10.10.0.59,Xij76n5CkzLDHg
Q3300-NM-V,Dub_10.10.0.60,np8CEuGaQqBirz
F9300-NM-H,Dus_10.10.0.61,7Aa6vSxceUDyvk
G8300-NM-A,El _10.10.0.62,AVc2CfZBNWuEhP
N6300-NM-A,Est_10.10.0.63,tf8jAGZrKbeoeB
G7300-NM-Q,Fre_10.10.0.64,utBQWVsbxSF2tP
J3300-NM-M,Fun_10.10.0.65,aKY2jNXtY8rQ6L
T6300-NM-S,Gab_10.10.0.66,awgLpXY39tXx44
Q9300-NM-J,Geo_10.10.0.67,uePJvWCRwWgbbY
F8300-NM-J,Buy_10.10.0.68,RMzGub5sg8QkH7
S5300-NM-Y,Han_10.10.0.69,xZQAS3jXoNJQku
